Transcript_ID	AC	AC_afr	AC_amr	AC_nfe	AC_asj	AC_sas	AC_eas	AC_mid	AC_fin	Gene_name	Gene_id	Variant	AC/Variant	lof_transcript	Exon_number
ENST00000344700	3432	7	33	1487	12	11	0	0	1753	RPS10	ENSG00000124614	5	686.4	0.221	5.0
ENST00000464218	5	0	0	3	1	0	0	0	1	RPS10	ENSG00000124614	3	1.6666666666666667	0.265	5.0
ENST00000467531	5	0	0	3	1	0	0	0	1	RPS10	ENSG00000124614	3	1.6666666666666667	0.265	5.0
ENST00000621356	5	0	0	3	1	0	0	0	1	RPS10	ENSG00000124614	3	1.6666666666666667	0.265	5.0
ENST00000644393	48	0	0	37	1	0	8	0	1	RPS10	ENSG00000124614	9	5.333333333333333	0.269	5.0
ENST00000644700	32	2	2	20	1	5	0	1	1	RPS10	ENSG00000124614	16	2.0	0.338	4.0
ENST00000648437	5	0	0	3	1	0	0	0	1	RPS10	ENSG00000124614	3	1.6666666666666667	0.265	5.0
