Transcript_ID	AC	AC_afr	AC_amr	AC_nfe	AC_asj	AC_sas	AC_eas	AC_mid	AC_fin	Gene_name	Gene_id	Variant	AC/Variant	lof_transcript	Exon_number
ENST00000374982	850346	19627	27855	629882	18800	61821	26047	4213	26550	HLA-DRA	ENSG00000204287	29	29322.275862068964	0.713	4.0
ENST00000395388	51	0	0	48	0	2	1	0	0	HLA-DRA	ENSG00000204287	29	1.7586206896551724	0.631	4.0
